"","Gene","female","male","total","male_ratio","female_ratio","p_value","Chromosome"
"1","ABCB7",41,23,64,0.359375,0.640625,0.5649,"chrX"
"2","ABCD1",41,20,61,0.327868852459016,0.672131147540984,0.3251,"chrX"
"3","AC231657.3",3,3,6,0.5,0.5,1,"chrX"
"4","AC244197.3",20,12,32,0.375,0.625,1,"chrX"
"5","AC245047.1",8,5,13,0.384615384615385,0.615384615384615,1,"chrX"
"6","ACE2",45,26,71,0.366197183098592,0.633802816901408,0.5133,"chrX"
"7","ACOT9",14,9,23,0.391304347826087,0.608695652173913,0.3141,"chrX"
"8","ACSL4",42,21,63,0.333333333333333,0.666666666666667,0.0492,"chrX"
"9","ACTRT1",46,71,117,0.606837606837607,0.393162393162393,0.5688,"chrX"
"10","ADGRG2",54,49,103,0.475728155339806,0.524271844660194,0.9302,"chrX"
"11","ADGRG4",241,256,497,0.515090543259557,0.484909456740443,0.716,"chrX"
"12","AF196969.1",3,5,8,0.625,0.375,1,"chrX"
"13","AFF2",158,145,303,0.478547854785479,0.521452145214521,0.4687,"chrX"
"14","AGTR2",35,36,71,0.507042253521127,0.492957746478873,0.3037,"chrX"
"15","AIFM1",36,18,54,0.333333333333333,0.666666666666667,0.2779,"chrX"
"16","AKAP14",17,10,27,0.37037037037037,0.62962962962963,0.8101,"chrX"
"17","AKAP17A",34,35,69,0.507246376811594,0.492753623188406,0.6825,"chrX"
"18","AKAP4",70,53,123,0.430894308943089,0.569105691056911,0.6546,"chrX"
"19","AL133500.1",5,3,8,0.375,0.625,1,"chrX"
"20","AL353804.4",0,1,1,1,0,1,"chrX"
"21","AL353804.6",0,2,2,1,0,1,"chrX"
"22","ALAS2",40,30,70,0.428571428571429,0.571428571428571,0.4412,"chrX"
"23","ALG13",51,39,90,0.433333333333333,0.566666666666667,0.9116,"chrX"
"24","AMELX",23,9,32,0.28125,0.71875,0.6955,"chrX"
"25","AMER1",142,94,236,0.398305084745763,0.601694915254237,0.0827,"chrX"
"26","AMMECR1",24,8,32,0.25,0.75,0.5547,"chrX"
"27","AMOT",60,40,100,0.4,0.6,0.7445,"chrX"
"28","ANOS1",47,32,79,0.40506329113924,0.594936708860759,0.9157,"chrX"
"29","AP1S2",5,6,11,0.545454545454545,0.454545454545455,1,"chrX"
"30","APEX2",29,7,36,0.194444444444444,0.805555555555556,1,"chrX"
"31","APLN",4,2,6,0.333333333333333,0.666666666666667,1,"chrX"
"32","APOO",11,5,16,0.3125,0.6875,0.6719,"chrX"
"33","APOOL",8,6,14,0.428571428571429,0.571428571428571,1,"chrX"
"34","AR",55,49,104,0.471153846153846,0.528846153846154,0.7527,"chrX"
"35","ARAF",35,26,61,0.426229508196721,0.573770491803279,0.8119,"chrX"
"36","ARHGAP36",84,68,152,0.447368421052632,0.552631578947368,0.5856,"chrX"
"37","ARHGAP4",38,30,68,0.441176470588235,0.558823529411765,0.7726,"chrX"
"38","ARHGAP6",65,55,120,0.458333333333333,0.541666666666667,0.7168,"chrX"
"39","ARHGEF6",61,51,112,0.455357142857143,0.544642857142857,0.5346,"chrX"
"40","ARHGEF9",43,19,62,0.306451612903226,0.693548387096774,0.8257,"chrX"
"41","ARL13A",19,7,26,0.269230769230769,0.730769230769231,0.7205,"chrX"
"42","ARMCX1",25,24,49,0.489795918367347,0.510204081632653,0.7596,"chrX"
"43","ARMCX2",50,27,77,0.350649350649351,0.649350649350649,0.1186,"chrX"
"44","ARMCX3",18,21,39,0.538461538461538,0.461538461538462,0.8985,"chrX"
"45","ARMCX5",30,19,49,0.387755102040816,0.612244897959184,0.6126,"chrX"
"46","ARMCX5-GPRASP2",44,20,64,0.3125,0.6875,0.1711,"chrX"
"47","ARMCX6",9,11,20,0.55,0.45,1,"chrX"
"48","ARR3",19,12,31,0.387096774193548,0.612903225806452,0.6035,"chrX"
"49","ARSD",26,19,45,0.422222222222222,0.577777777777778,0.8349,"chrX"
"50","ARSF",56,47,103,0.456310679611651,0.543689320388349,0.9923,"chrX"
"51","ARSH",29,32,61,0.524590163934426,0.475409836065574,0.9079,"chrX"
"52","ARSL",25,22,47,0.468085106382979,0.531914893617021,1,"chrX"
"53","ARX",11,10,21,0.476190476190476,0.523809523809524,1,"chrX"
"54","ASB11",18,26,44,0.590909090909091,0.409090909090909,0.478,"chrX"
"55","ASB12",20,16,36,0.444444444444444,0.555555555555556,0.5752,"chrX"
"56","ASB9",28,9,37,0.243243243243243,0.756756756756757,0.5112,"chrX"
"57","ASMT",22,32,54,0.592592592592593,0.407407407407407,0.8349,"chrX"
"58","ASMTL",21,31,52,0.596153846153846,0.403846153846154,0.3588,"chrX"
"59","ATG4A",24,10,34,0.294117647058824,0.705882352941177,0.9802,"chrX"
"60","ATP11C",62,60,122,0.491803278688525,0.508196721311475,0.9659,"chrX"
"61","ATP1B4",34,42,76,0.552631578947368,0.447368421052632,0.5807,"chrX"
"62","ATP2B3",90,68,158,0.430379746835443,0.569620253164557,0.3242,"chrX"
"63","ATP6AP1",25,16,41,0.390243902439024,0.609756097560976,0.3631,"chrX"
"64","ATP6AP2",22,16,38,0.421052631578947,0.578947368421053,0.2813,"chrX"
"65","ATP7A",96,55,151,0.364238410596026,0.635761589403974,0.2629,"chrX"
"66","ATRX",307,252,559,0.450805008944544,0.549194991055456,0.5,"chrX"
"67","ATXN3L",24,20,44,0.454545454545455,0.545454545454545,1,"chrX"
"68","AVPR2",25,16,41,0.390243902439024,0.609756097560976,0.1875,"chrX"
"69","AWAT1",18,12,30,0.4,0.6,0.872,"chrX"
"70","AWAT2",12,20,32,0.625,0.375,1,"chrX"
"71","BCAP31",10,4,14,0.285714285714286,0.714285714285714,0.6904,"chrX"
"72","BCLAF3",36,20,56,0.357142857142857,0.642857142857143,0.6264,"chrX"
"73","BCOR",112,87,199,0.437185929648241,0.562814070351759,0.1568,"chrX"
"74","BCORL1",135,88,223,0.394618834080717,0.605381165919282,0.0136,"chrX"
"75","BEND2",66,51,117,0.435897435897436,0.564102564102564,0.5423,"chrX"
"76","BEX1",14,7,21,0.333333333333333,0.666666666666667,0.6617,"chrX"
"77","BEX2",7,7,14,0.5,0.5,1,"chrX"
"78","BEX3",4,10,14,0.714285714285714,0.285714285714286,1,"chrX"
"79","BEX4",4,2,6,0.333333333333333,0.666666666666667,1,"chrX"
"80","BEX5",9,7,16,0.4375,0.5625,0.5393,"chrX"
"81","BGN",17,16,33,0.484848484848485,0.515151515151515,1,"chrX"
"82","BMP15",25,29,54,0.537037037037037,0.462962962962963,0.8752,"chrX"
"83","BMP2KL",0,4,4,1,0,0.9446,"chrX"
"84","BMX",37,25,62,0.403225806451613,0.596774193548387,0.0091,"chrX"
"85","BRCC3",10,10,20,0.5,0.5,1,"chrX"
"86","BRS3",19,26,45,0.577777777777778,0.422222222222222,0.3833,"chrX"
"87","BRWD3",170,90,260,0.346153846153846,0.653846153846154,0.0698,"chrX"
"88","BTK",55,47,102,0.46078431372549,0.53921568627451,0.7368,"chrX"
"89","BX119917.1",9,6,15,0.4,0.6,1,"chrX"
"90","C1GALT1C1",15,21,36,0.583333333333333,0.416666666666667,1,"chrX"
"91","CA5B",6,11,17,0.647058823529412,0.352941176470588,1,"chrX"
"92","CA5BP1",0,2,2,1,0,1,"chrX"
"93","CACNA1F",120,78,198,0.393939393939394,0.606060606060606,0.2252,"chrX"
"94","CAPN6",52,70,122,0.573770491803279,0.426229508196721,0.9017,"chrX"
"95","CASK",36,26,62,0.419354838709677,0.580645161290323,0.5221,"chrX"
"96","CBLL2",45,29,74,0.391891891891892,0.608108108108108,0.5618,"chrX"
"97","CCDC120",31,6,37,0.162162162162162,0.837837837837838,0.6838,"chrX"
"98","CCDC160",20,12,32,0.375,0.625,0.3499,"chrX"
"99","CCDC22",23,11,34,0.323529411764706,0.676470588235294,0.2545,"chrX"
"100","CCNB3",100,78,178,0.438202247191011,0.561797752808989,0.1375,"chrX"
"101","CCNQ",14,12,26,0.461538461538462,0.538461538461538,0.5444,"chrX"
"102","CD40LG",18,18,36,0.5,0.5,0.3337,"chrX"
"103","CD99",5,9,14,0.642857142857143,0.357142857142857,1,"chrX"
"104","CD99L2",21,16,37,0.432432432432432,0.567567567567568,0.6322,"chrX"
"105","CDK16",14,19,33,0.575757575757576,0.424242424242424,0.6849,"chrX"
"106","CDKL5",72,40,112,0.357142857142857,0.642857142857143,0.9446,"chrX"
"107","CDR1",35,36,71,0.507042253521127,0.492957746478873,1,"chrX"
"108","CDX4",31,34,65,0.523076923076923,0.476923076923077,0.4624,"chrX"
"109","CENPI",40,25,65,0.384615384615385,0.615384615384615,0.2088,"chrX"
"110","CETN2",14,8,22,0.363636363636364,0.636363636363636,0.8892,"chrX"
"111","CFAP47",129,169,298,0.567114093959732,0.432885906040268,0.7001,"chrX"
"112","CFP",19,17,36,0.472222222222222,0.527777777777778,0.5143,"chrX"
"113","CHIC1",8,3,11,0.272727272727273,0.727272727272727,1,"chrX"
"114","CHM",30,23,53,0.433962264150943,0.566037735849057,0.7336,"chrX"
"115","CHRDL1",47,43,90,0.477777777777778,0.522222222222222,0.1337,"chrX"
"116","CHST7",17,7,24,0.291666666666667,0.708333333333333,0.8122,"chrX"
"117","CITED1",2,2,4,0.5,0.5,1,"chrX"
"118","CLCN4",52,50,102,0.490196078431373,0.509803921568627,0.6601,"chrX"
"119","CLCN5",47,24,71,0.338028169014085,0.661971830985915,0.4267,"chrX"
"120","CLDN2",15,12,27,0.444444444444444,0.555555555555556,0.2583,"chrX"
"121","CLIC2",12,12,24,0.5,0.5,0.7622,"chrX"
"122","CLTRN",7,6,13,0.461538461538462,0.538461538461538,1,"chrX"
"123","CMC4",6,3,9,0.333333333333333,0.666666666666667,1,"chrX"
"124","CNGA2",48,74,122,0.60655737704918,0.39344262295082,0.6282,"chrX"
"125","CNKSR2",73,91,164,0.554878048780488,0.445121951219512,0.3955,"chrX"
"126","COL4A5",139,142,281,0.505338078291815,0.494661921708185,0.279,"chrX"
"127","COL4A6",122,90,212,0.424528301886792,0.575471698113208,0.6205,"chrX"
"128","COX7B",7,4,11,0.363636363636364,0.636363636363636,0.5938,"chrX"
"129","CPXCR1",57,47,104,0.451923076923077,0.548076923076923,0.9636,"chrX"
"130","CRLF2",8,34,42,0.80952380952381,0.19047619047619,0.7699,"chrX"
"131","CSAG1",8,9,17,0.529411764705882,0.470588235294118,0.4203,"chrX"
"132","CSAG2",1,7,8,0.875,0.125,0.4203,"chrX"
"133","CSAG3",10,17,27,0.62962962962963,0.37037037037037,0.4203,"chrX"
"134","CSF2RA",35,76,111,0.684684684684685,0.315315315315315,0.8085,"chrX"
"135","CSTF2",29,20,49,0.408163265306122,0.591836734693878,0.4753,"chrX"
"136","CT45A1",4,11,15,0.733333333333333,0.266666666666667,1,"chrX"
"137","CT45A10",5,11,16,0.6875,0.3125,0.6716,"chrX"
"138","CT45A3",2,2,4,0.5,0.5,1,"chrX"
"139","CT45A9",1,1,2,0.5,0.5,1,"chrX"
"140","CT47A6",2,2,4,0.5,0.5,1,"chrX"
"141","CT55",14,15,29,0.517241379310345,0.482758620689655,1,"chrX"
"142","CT83",7,16,23,0.695652173913043,0.304347826086957,1,"chrX"
"143","CTAG2",17,11,28,0.392857142857143,0.607142857142857,1,"chrX"
"144","CTPS2",27,10,37,0.27027027027027,0.72972972972973,0.3373,"chrX"
"145","CUL4B",61,27,88,0.306818181818182,0.693181818181818,0.7567,"chrX"
"146","CXCR3",19,10,29,0.344827586206897,0.655172413793103,0.6405,"chrX"
"147","CXorf21",22,28,50,0.56,0.44,0.6995,"chrX"
"148","CXorf38",13,12,25,0.48,0.52,1,"chrX"
"149","CXorf56",21,7,28,0.25,0.75,0.7304,"chrX"
"150","CXorf58",27,20,47,0.425531914893617,0.574468085106383,0.604,"chrX"
"151","CXorf65",16,3,19,0.157894736842105,0.842105263157895,1,"chrX"
"152","CXorf66",33,37,70,0.528571428571429,0.471428571428571,0.4666,"chrX"
"153","CYBB",50,37,87,0.425287356321839,0.574712643678161,0.205,"chrX"
"154","CYLC1",86,87,173,0.502890173410405,0.497109826589595,0.7412,"chrX"
"155","CYSLTR1",28,25,53,0.471698113207547,0.528301886792453,0.811,"chrX"
"156","DACH2",74,70,144,0.486111111111111,0.513888888888889,0.1236,"chrX"
"157","DCAF12L1",81,69,150,0.46,0.54,1,"chrX"
"158","DCAF12L2",104,74,178,0.415730337078652,0.584269662921348,1,"chrX"
"159","DCAF8L1",67,64,131,0.488549618320611,0.511450381679389,0.2981,"chrX"
"160","DCAF8L2",2,1,3,0.333333333333333,0.666666666666667,0.2981,"chrX"
"161","DCX",47,53,100,0.53,0.47,0.3017,"chrX"
"162","DDX3X",36,72,108,0.666666666666667,0.333333333333333,0.9773,"chrX"
"163","DDX53",30,33,63,0.523809523809524,0.476190476190476,0.8756,"chrX"
"164","DENND10P1",23,34,57,0.596491228070175,0.403508771929825,0.9568,"chrX"
"165","DGAT2L6",28,29,57,0.508771929824561,0.491228070175439,0.4777,"chrX"
"166","DGKK",96,82,178,0.460674157303371,0.539325842696629,0.2073,"chrX"
"167","DHRSX",10,27,37,0.72972972972973,0.27027027027027,0.1337,"chrX"
"168","DIAPH2",68,66,134,0.492537313432836,0.507462686567164,0.4812,"chrX"
"169","DIPK2B",21,22,43,0.511627906976744,0.488372093023256,0.1777,"chrX"
"170","DKC1",31,13,44,0.295454545454545,0.704545454545455,0.5301,"chrX"
"171","DLG3",42,19,61,0.311475409836066,0.688524590163934,0.9083,"chrX"
"172","DMD",339,267,606,0.440594059405941,0.559405940594059,0.1296,"chrX"
"173","DMRTC1",2,2,4,0.5,0.5,1,"chrX"
"174","DNAAF6",10,10,20,0.5,0.5,0.1532,"chrX"
"175","DNASE1L1",15,4,19,0.210526315789474,0.789473684210526,0.7928,"chrX"
"176","DOCK11",120,78,198,0.393939393939394,0.606060606060606,0.7401,"chrX"
"177","DRP2",73,42,115,0.365217391304348,0.634782608695652,0.2643,"chrX"
"178","DUSP21",13,12,25,0.48,0.52,0.3025,"chrX"
"179","DUSP9",22,9,31,0.290322580645161,0.709677419354839,0.6797,"chrX"
"180","DYNLT3",2,3,5,0.6,0.4,1,"chrX"
"181","EBP",2,2,4,0.5,0.5,1,"chrX"
"182","EDA",15,15,30,0.5,0.5,1,"chrX"
"183","EDA2R",17,17,34,0.5,0.5,0.8057,"chrX"
"184","EFHC2",32,26,58,0.448275862068966,0.551724137931034,0.8231,"chrX"
"185","EFNB1",23,8,31,0.258064516129032,0.741935483870968,0.5173,"chrX"
"186","EGFL6",31,28,59,0.474576271186441,0.525423728813559,0.4181,"chrX"
"187","EIF1AX",17,20,37,0.540540540540541,0.459459459459459,0.18,"chrX"
"188","EIF2S3",14,16,30,0.533333333333333,0.466666666666667,0.4687,"chrX"
"189","ELF4",40,26,66,0.393939393939394,0.606060606060606,0.3945,"chrX"
"190","ELK1",16,13,29,0.448275862068966,0.551724137931034,1,"chrX"
"191","EMD",22,7,29,0.241379310344828,0.758620689655172,0.765,"chrX"
"192","ENOX2",52,28,80,0.35,0.65,0.896,"chrX"
"193","EOLA1",10,6,16,0.375,0.625,1,"chrX"
"194","EOLA2",11,4,15,0.266666666666667,0.733333333333333,0.9677,"chrX"
"195","ERAS",16,4,20,0.2,0.8,1,"chrX"
"196","ERCC6L",55,32,87,0.367816091954023,0.632183908045977,0.0096,"chrX"
"197","ESX1",42,29,71,0.408450704225352,0.591549295774648,0.2827,"chrX"
"198","EZHIP",52,30,82,0.365853658536585,0.634146341463415,0.1267,"chrX"
"199","F8",199,132,331,0.398791540785498,0.601208459214502,0.2981,"chrX"
"200","F8A1",5,2,7,0.285714285714286,0.714285714285714,1,"chrX"
"201","F9",44,48,92,0.521739130434783,0.478260869565217,0.8257,"chrX"
"202","FAAH2",27,41,68,0.602941176470588,0.397058823529412,1,"chrX"
"203","FAM104B",6,4,10,0.4,0.6,1,"chrX"
"204","FAM120C",51,39,90,0.433333333333333,0.566666666666667,0.5523,"chrX"
"205","FAM122B",10,3,13,0.230769230769231,0.769230769230769,0.5183,"chrX"
"206","FAM122C",8,6,14,0.428571428571429,0.571428571428571,0.538,"chrX"
"207","FAM133A",28,34,62,0.548387096774194,0.451612903225806,0.696,"chrX"
"208","FAM155B",17,20,37,0.540540540540541,0.459459459459459,1,"chrX"
"209","FAM199X",23,13,36,0.361111111111111,0.638888888888889,0.7258,"chrX"
"210","FAM3A",10,8,18,0.444444444444444,0.555555555555556,1,"chrX"
"211","FAM47A",168,135,303,0.445544554455446,0.554455445544555,0.569,"chrX"
"212","FAM47B",99,95,194,0.489690721649485,0.510309278350515,0.8001,"chrX"
"213","FAM47C",175,169,344,0.491279069767442,0.508720930232558,0.6899,"chrX"
"214","FAM50A",10,11,21,0.523809523809524,0.476190476190476,0.4984,"chrX"
"215","FAM9A",37,15,52,0.288461538461538,0.711538461538462,0.5658,"chrX"
"216","FAM9B",13,17,30,0.566666666666667,0.433333333333333,0.975,"chrX"
"217","FAM9C",11,6,17,0.352941176470588,0.647058823529412,0.6202,"chrX"
"218","FANCB",41,27,68,0.397058823529412,0.602941176470588,0.5513,"chrX"
"219","FATE1",18,18,36,0.5,0.5,0.9213,"chrX"
"220","FGD1",63,32,95,0.336842105263158,0.663157894736842,0.1682,"chrX"
"221","FGF13",44,32,76,0.421052631578947,0.578947368421053,0.0986,"chrX"
"222","FGF16",9,14,23,0.608695652173913,0.391304347826087,1,"chrX"
"223","FHL1",19,12,31,0.387096774193548,0.612903225806452,0.943,"chrX"
"224","FLNA",174,88,262,0.33587786259542,0.66412213740458,0.1947,"chrX"
"225","FMR1",54,27,81,0.333333333333333,0.666666666666667,0.4931,"chrX"
"226","FMR1NB",27,27,54,0.5,0.5,0.4931,"chrX"
"227","FOXO4",37,15,52,0.288461538461538,0.711538461538462,0.4911,"chrX"
"228","FOXP3",23,9,32,0.28125,0.71875,0.4761,"chrX"
"229","FOXR2",22,34,56,0.607142857142857,0.392857142857143,0.976,"chrX"
"230","FRMD7",62,43,105,0.40952380952381,0.59047619047619,0.514,"chrX"
"231","FRMPD3",91,66,157,0.420382165605096,0.579617834394904,0.2189,"chrX"
"232","FRMPD4",115,109,224,0.486607142857143,0.513392857142857,0.6381,"chrX"
"233","FTHL17",26,16,42,0.380952380952381,0.619047619047619,1,"chrX"
"234","FTSJ1",16,10,26,0.384615384615385,0.615384615384615,0.8807,"chrX"
"235","FUNDC1",2,5,7,0.714285714285714,0.285714285714286,0.0655,"chrX"
"236","FUNDC2",18,3,21,0.142857142857143,0.857142857142857,0.8498,"chrX"
"237","FXYD6P3",8,13,21,0.619047619047619,0.380952380952381,1,"chrX"
"238","G6PD",35,19,54,0.351851851851852,0.648148148148148,0.0729,"chrX"
"239","GAB3",40,18,58,0.310344827586207,0.689655172413793,0.3177,"chrX"
"240","GABRA3",59,50,109,0.458715596330275,0.541284403669725,0.7607,"chrX"
"241","GABRE",45,49,94,0.521276595744681,0.478723404255319,0.7617,"chrX"
"242","GABRQ",64,64,128,0.5,0.5,0.5041,"chrX"
"243","GAGE1",3,8,11,0.727272727272727,0.272727272727273,1,"chrX"
"244","GAGE10",9,8,17,0.470588235294118,0.529411764705882,0.4984,"chrX"
"245","GAGE12H",0,1,1,1,0,1,"chrX"
"246","GAGE12J",1,1,2,0.5,0.5,1,"chrX"
"247","GAGE2A",1,3,4,0.75,0.25,1,"chrX"
"248","GAGE2E",7,8,15,0.533333333333333,0.466666666666667,1,"chrX"
"249","GATA1",27,16,43,0.372093023255814,0.627906976744186,0.936,"chrX"
"250","GCNA",52,25,77,0.324675324675325,0.675324675324675,0.5824,"chrX"
"251","GDI1",24,15,39,0.384615384615385,0.615384615384615,0.6031,"chrX"
"252","GDPD2",45,13,58,0.224137931034483,0.775862068965517,0.7649,"chrX"
"253","GEMIN8",14,16,30,0.533333333333333,0.466666666666667,0.9651,"chrX"
"254","GJB1",17,14,31,0.451612903225806,0.548387096774194,0.919,"chrX"
"255","GK",27,16,43,0.372093023255814,0.627906976744186,0.2073,"chrX"
"256","GLA",36,12,48,0.25,0.75,0.7281,"chrX"
"257","GLOD5",6,8,14,0.571428571428571,0.428571428571429,1,"chrX"
"258","GLRA2",36,42,78,0.538461538461538,0.461538461538462,0.0247,"chrX"
"259","GLRA4",22,25,47,0.531914893617021,0.468085106382979,0.7264,"chrX"
"260","GLUD2",64,40,104,0.384615384615385,0.615384615384615,0.4467,"chrX"
"261","GNG5P2",0,1,1,1,0,1,"chrX"
"262","GNL3L",44,14,58,0.241379310344828,0.758620689655172,0.3627,"chrX"
"263","GPC3",30,37,67,0.552238805970149,0.447761194029851,0.8991,"chrX"
"264","GPC4",48,24,72,0.333333333333333,0.666666666666667,0.8991,"chrX"
"265","GPKOW",27,9,36,0.25,0.75,0.7493,"chrX"
"266","GPM6B",6,8,14,0.571428571428571,0.428571428571429,1,"chrX"
"267","GPR101",44,48,92,0.521739130434783,0.478260869565217,0.3141,"chrX"
"268","GPR119",20,23,43,0.534883720930233,0.465116279069767,0.4172,"chrX"
"269","GPR143",26,11,37,0.297297297297297,0.702702702702703,0.1805,"chrX"
"270","GPR173",27,11,38,0.289473684210526,0.710526315789474,0.4648,"chrX"
"271","GPR174",38,46,84,0.547619047619048,0.452380952380952,0.9672,"chrX"
"272","GPR34",14,16,30,0.533333333333333,0.466666666666667,0.7708,"chrX"
"273","GPR50",75,50,125,0.4,0.6,0.334,"chrX"
"274","GPR82",12,13,25,0.52,0.48,1,"chrX"
"275","GPRASP1",98,57,155,0.367741935483871,0.632258064516129,0.2878,"chrX"
"276","GPRASP2",61,40,101,0.396039603960396,0.603960396039604,0.1711,"chrX"
"277","GRIA3",88,69,157,0.439490445859873,0.560509554140127,0.9741,"chrX"
"278","GRIPAP1",45,17,62,0.274193548387097,0.725806451612903,0.2231,"chrX"
"279","GRPR",23,25,48,0.520833333333333,0.479166666666667,0.812,"chrX"
"280","GSPT2",41,26,67,0.388059701492537,0.611940298507463,0.2016,"chrX"
"281","GTPBP6",8,14,22,0.636363636363636,0.363636363636364,1,"chrX"
"282","GUCY2F",74,69,143,0.482517482517482,0.517482517482518,0.2048,"chrX"
"283","GYG2",23,12,35,0.342857142857143,0.657142857142857,0.6396,"chrX"
"284","H2AB1",4,4,8,0.5,0.5,1,"chrX"
"285","H2AP",9,5,14,0.357142857142857,0.642857142857143,0.6438,"chrX"
"286","H2BW1",17,18,35,0.514285714285714,0.485714285714286,1,"chrX"
"287","H2BW2",0,1,1,1,0,1,"chrX"
"288","HAUS7",16,8,24,0.333333333333333,0.666666666666667,0.6602,"chrX"
"289","HCCS",22,12,34,0.352941176470588,0.647058823529412,0.7112,"chrX"
"290","HCFC1",82,69,151,0.456953642384106,0.543046357615894,0.0664,"chrX"
"291","HDAC6",58,39,97,0.402061855670103,0.597938144329897,0.3556,"chrX"
"292","HDAC8",13,13,26,0.5,0.5,0.4844,"chrX"
"293","HDX",56,41,97,0.422680412371134,0.577319587628866,0.7506,"chrX"
"294","HEPH",106,112,218,0.513761467889908,0.486238532110092,0.4664,"chrX"
"295","HMGB3",11,3,14,0.214285714285714,0.785714285714286,1,"chrX"
"296","HMGN1P37",0,1,1,1,0,1,"chrX"
"297","HMGN5",12,4,16,0.25,0.75,0.7326,"chrX"
"298","HNRNPH2",27,20,47,0.425531914893617,0.574468085106383,0.3043,"chrX"
"299","HPRT1",7,7,14,0.5,0.5,1,"chrX"
"300","HS6ST2",30,11,41,0.268292682926829,0.731707317073171,0.1937,"chrX"
"301","HSD17B10",14,2,16,0.125,0.875,0.7228,"chrX"
"302","HSFX1",7,1,8,0.125,0.875,1,"chrX"
"303","HTATSF1",55,34,89,0.382022471910112,0.617977528089888,0.8227,"chrX"
"304","HTR2C",33,64,97,0.65979381443299,0.34020618556701,0.4811,"chrX"
"305","HUWE1",225,155,380,0.407894736842105,0.592105263157895,0.1153,"chrX"
"306","IDH3G",27,7,34,0.205882352941176,0.794117647058823,0.6142,"chrX"
"307","IDS",16,5,21,0.238095238095238,0.761904761904762,0.7499,"chrX"
"308","IGBP1",17,6,23,0.260869565217391,0.739130434782609,0.7339,"chrX"
"309","IGSF1",123,136,259,0.525096525096525,0.474903474903475,1,"chrX"
"310","IKBKG",4,5,9,0.555555555555556,0.444444444444444,1,"chrX"
"311","IL13RA1",27,17,44,0.386363636363636,0.613636363636364,0.5021,"chrX"
"312","IL13RA2",31,21,52,0.403846153846154,0.596153846153846,0.5726,"chrX"
"313","IL1RAPL1",83,78,161,0.484472049689441,0.515527950310559,0.0634,"chrX"
"314","IL1RAPL2",66,71,137,0.518248175182482,0.481751824817518,0.7584,"chrX"
"315","IL2RG",30,18,48,0.375,0.625,0.963,"chrX"
"316","IL3RA",18,35,53,0.660377358490566,0.339622641509434,0.1427,"chrX"
"317","IL9R",25,46,71,0.647887323943662,0.352112676056338,0.8061,"chrX"
"318","INTS6L",65,41,106,0.386792452830189,0.613207547169811,0.6809,"chrX"
"319","IQSEC2",57,31,88,0.352272727272727,0.647727272727273,0.4553,"chrX"
"320","IRAK1",31,21,52,0.403846153846154,0.596153846153846,0.8429,"chrX"
"321","IRS4",104,95,199,0.477386934673367,0.522613065326633,0.5474,"chrX"
"322","ITGB1BP2",21,17,38,0.447368421052632,0.552631578947368,0.9802,"chrX"
"323","ITIH6",119,56,175,0.32,0.68,0.074,"chrX"
"324","ITM2A",18,35,53,0.660377358490566,0.339622641509434,1,"chrX"
"325","JADE3",40,27,67,0.402985074626866,0.597014925373134,0.1409,"chrX"
"326","KCND1",37,24,61,0.39344262295082,0.60655737704918,0.5531,"chrX"
"327","KCNE5",7,7,14,0.5,0.5,1,"chrX"
"328","KDM5C",51,84,135,0.622222222222222,0.377777777777778,0.8533,"chrX"
"329","KDM6A",86,156,242,0.644628099173554,0.355371900826446,0.9962,"chrX"
"330","KIAA1210",112,100,212,0.471698113207547,0.528301886792453,0.2811,"chrX"
"331","KIF4A",63,30,93,0.32258064516129,0.67741935483871,0.8748,"chrX"
"332","KLF8",25,17,42,0.404761904761905,0.595238095238095,0.3299,"chrX"
"333","KLHL13",57,62,119,0.521008403361345,0.478991596638655,0.6984,"chrX"
"334","KLHL15",25,23,48,0.479166666666667,0.520833333333333,0.8455,"chrX"
"335","KLHL34",62,18,80,0.225,0.775,0.6724,"chrX"
"336","KLHL4",92,133,225,0.591111111111111,0.408888888888889,0.1531,"chrX"
"337","KRBOX4",14,3,17,0.176470588235294,0.823529411764706,0.808,"chrX"
"338","L1CAM",100,77,177,0.435028248587571,0.564971751412429,0.1979,"chrX"
"339","LAGE3",4,5,9,0.555555555555556,0.444444444444444,1,"chrX"
"340","LAMP2",21,8,29,0.275862068965517,0.724137931034483,0.7234,"chrX"
"341","LANCL3",17,10,27,0.37037037037037,0.62962962962963,1,"chrX"
"342","LAS1L",35,22,57,0.385964912280702,0.614035087719298,0.8592,"chrX"
"343","LDOC1",15,23,38,0.605263157894737,0.394736842105263,1,"chrX"
"344","LHFPL1",16,16,32,0.5,0.5,1,"chrX"
"345","LINC01546",0,1,1,1,0,1,"chrX"
"346","LONRF3",43,34,77,0.441558441558442,0.558441558441558,0.8124,"chrX"
"347","LPAR4",48,50,98,0.510204081632653,0.489795918367347,0.2893,"chrX"
"348","LRCH2",34,27,61,0.442622950819672,0.557377049180328,0.297,"chrX"
"349","LUZP4",29,25,54,0.462962962962963,0.537037037037037,0.4287,"chrX"
"350","MAGEA1",26,19,45,0.422222222222222,0.577777777777778,0.6057,"chrX"
"351","MAGEA10",49,45,94,0.478723404255319,0.521276595744681,0.4503,"chrX"
"352","MAGEA11",53,38,91,0.417582417582418,0.582417582417582,0.2335,"chrX"
"353","MAGEA12",37,43,80,0.5375,0.4625,0.6414,"chrX"
"354","MAGEA3",30,25,55,0.454545454545455,0.545454545454545,0.5916,"chrX"
"355","MAGEA4",31,38,69,0.550724637681159,0.449275362318841,0.6969,"chrX"
"356","MAGEA5",24,17,41,0.414634146341463,0.585365853658537,0.8392,"chrX"
"357","MAGEA6",40,36,76,0.473684210526316,0.526315789473684,0.846,"chrX"
"358","MAGEA8",26,19,45,0.422222222222222,0.577777777777778,0.8302,"chrX"
"359","MAGEA9",1,0,1,0,1,1,"chrX"
"360","MAGEA9B",2,1,3,0.333333333333333,0.666666666666667,1,"chrX"
"361","MAGEB1",39,41,80,0.5125,0.4875,0.882,"chrX"
"362","MAGEB10",29,32,61,0.524590163934426,0.475409836065574,0.9325,"chrX"
"363","MAGEB16",29,40,69,0.579710144927536,0.420289855072464,0.254,"chrX"
"364","MAGEB18",33,51,84,0.607142857142857,0.392857142857143,0.9446,"chrX"
"365","MAGEB2",39,35,74,0.472972972972973,0.527027027027027,0.3274,"chrX"
"366","MAGEB3",36,27,63,0.428571428571429,0.571428571428571,0.7135,"chrX"
"367","MAGEB4",49,30,79,0.379746835443038,0.620253164556962,0.6042,"chrX"
"368","MAGEB5",1,2,3,0.666666666666667,0.333333333333333,1,"chrX"
"369","MAGEB6",63,60,123,0.48780487804878,0.51219512195122,0.1604,"chrX"
"370","MAGEB6B",76,91,167,0.544910179640719,0.455089820359281,0.0025,"chrX"
"371","MAGEC1",186,243,429,0.566433566433566,0.433566433566434,0.5705,"chrX"
"372","MAGEC2",58,76,134,0.567164179104478,0.432835820895522,0.9358,"chrX"
"373","MAGEC3",72,112,184,0.608695652173913,0.391304347826087,0.885,"chrX"
"374","MAGED1",44,32,76,0.421052631578947,0.578947368421053,0.2444,"chrX"
"375","MAGED2",41,21,62,0.338709677419355,0.661290322580645,0.5778,"chrX"
"376","MAGEE1",81,59,140,0.421428571428571,0.578571428571429,0.0594,"chrX"
"377","MAGEE2",41,61,102,0.598039215686274,0.401960784313726,0.7369,"chrX"
"378","MAGEH1",13,13,26,0.5,0.5,0.7551,"chrX"
"379","MAGIX",22,13,35,0.371428571428571,0.628571428571429,0.6209,"chrX"
"380","MAGT1",33,16,49,0.326530612244898,0.673469387755102,0.8403,"chrX"
"381","MAMLD1",56,32,88,0.363636363636364,0.636363636363636,0.0841,"chrX"
"382","MAOA",17,15,32,0.46875,0.53125,1,"chrX"
"383","MAOB",29,21,50,0.42,0.58,1,"chrX"
"384","MAP3K15",63,47,110,0.427272727272727,0.572727272727273,0.2826,"chrX"
"385","MAP7D2",37,39,76,0.513157894736842,0.486842105263158,0.6822,"chrX"
"386","MAP7D3",64,34,98,0.346938775510204,0.653061224489796,0.405,"chrX"
"387","MBNL3",17,8,25,0.32,0.68,0.4175,"chrX"
"388","MBTPS2",21,13,34,0.382352941176471,0.617647058823529,0.5723,"chrX"
"389","MCF2",93,80,173,0.46242774566474,0.53757225433526,0.1957,"chrX"
"390","MCTS1",20,6,26,0.230769230769231,0.769230769230769,0.238,"chrX"
"391","MECP2",34,17,51,0.333333333333333,0.666666666666667,0.4576,"chrX"
"392","MED12",149,85,234,0.363247863247863,0.636752136752137,0.5028,"chrX"
"393","MED14",44,37,81,0.45679012345679,0.54320987654321,0.7478,"chrX"
"394","MID1",33,19,52,0.365384615384615,0.634615384615385,0.0692,"chrX"
"395","MID1IP1",18,6,24,0.25,0.75,0.351,"chrX"
"396","MID2",33,31,64,0.484375,0.515625,1,"chrX"
"397","MIR106A",1,0,1,0,1,1,"chrX"
"398","MIR18B",0,2,2,1,0,0.5035,"chrX"
"399","MIR19B2",0,2,2,1,0,1,"chrX"
"400","MIR20B",2,0,2,0,1,1,"chrX"
"401","MIR221",2,2,4,0.5,0.5,1,"chrX"
"402","MIR222",4,1,5,0.2,0.8,1,"chrX"
"403","MIR320D2",1,2,3,0.666666666666667,0.333333333333333,1,"chrX"
"404","MIR325",7,5,12,0.416666666666667,0.583333333333333,0.5444,"chrX"
"405","MIR363",1,5,6,0.833333333333333,0.166666666666667,1,"chrX"
"406","MIR374B",0,1,1,1,0,1,"chrX"
"407","MIR384",0,1,1,1,0,1,"chrX"
"408","MIR421",0,1,1,1,0,1,"chrX"
"409","MIR424",4,0,4,0,1,1,"chrX"
"410","MIR450A1",2,2,4,0.5,0.5,1,"chrX"
"411","MIR450A2",2,1,3,0.333333333333333,0.666666666666667,1,"chrX"
"412","MIR450B",1,0,1,0,1,1,"chrX"
"413","MIR503",2,0,2,0,1,1,"chrX"
"414","MIR505",0,1,1,1,0,1,"chrX"
"415","MIR506",8,4,12,0.333333333333333,0.666666666666667,1,"chrX"
"416","MIR507",3,0,3,0,1,1,"chrX"
"417","MIR508",7,4,11,0.363636363636364,0.636363636363636,0.2769,"chrX"
"418","MIR509-1",4,1,5,0.2,0.8,1,"chrX"
"419","MIR509-2",8,2,10,0.2,0.8,1,"chrX"
"420","MIR509-3",8,3,11,0.272727272727273,0.727272727272727,0.9711,"chrX"
"421","MIR510",2,7,9,0.777777777777778,0.222222222222222,0.4731,"chrX"
"422","MIR513A1",2,6,8,0.75,0.25,1,"chrX"
"423","MIR513A2",1,5,6,0.833333333333333,0.166666666666667,1,"chrX"
"424","MIR513B",5,1,6,0.166666666666667,0.833333333333333,1,"chrX"
"425","MIR513C",2,1,3,0.333333333333333,0.666666666666667,1,"chrX"
"426","MIR514A1",0,4,4,1,0,1,"chrX"
"427","MIR514A2",0,4,4,1,0,1,"chrX"
"428","MIR514A3",2,4,6,0.666666666666667,0.333333333333333,1,"chrX"
"429","MIR542",6,1,7,0.142857142857143,0.857142857142857,0.8388,"chrX"
"430","MIR545",5,2,7,0.285714285714286,0.714285714285714,1,"chrX"
"431","MIR548I4",1,0,1,0,1,1,"chrX"
"432","MIR548M",2,1,3,0.333333333333333,0.666666666666667,1,"chrX"
"433","MIR888",11,1,12,0.0833333333333333,0.916666666666667,0.7969,"chrX"
"434","MIR890",6,5,11,0.454545454545455,0.545454545454545,1,"chrX"
"435","MIR891A",7,2,9,0.222222222222222,0.777777777777778,0.7526,"chrX"
"436","MIR891B",4,3,7,0.428571428571429,0.571428571428571,1,"chrX"
"437","MIR892A",4,5,9,0.555555555555556,0.444444444444444,1,"chrX"
"438","MIR892B",3,2,5,0.4,0.6,1,"chrX"
"439","MIR92A2",1,0,1,0,1,1,"chrX"
"440","MMGT1",15,2,17,0.117647058823529,0.882352941176471,0.8722,"chrX"
"441","MORC4",59,36,95,0.378947368421053,0.621052631578947,1,"chrX"
"442","MORF4L2",20,10,30,0.333333333333333,0.666666666666667,0.7467,"chrX"
"443","MOSPD1",12,2,14,0.142857142857143,0.857142857142857,0.8442,"chrX"
"444","MOSPD2",23,23,46,0.5,0.5,0.2185,"chrX"
"445","MPP1",26,18,44,0.409090909090909,0.590909090909091,0.6449,"chrX"
"446","MRPS17P9",8,7,15,0.466666666666667,0.533333333333333,0.4876,"chrX"
"447","MRRFP1",1,4,5,0.8,0.2,0.335,"chrX"
"448","MSL3",28,34,62,0.548387096774194,0.451612903225806,0.4009,"chrX"
"449","MSN",44,24,68,0.352941176470588,0.647058823529412,0.5046,"chrX"
"450","MTCP1",9,2,11,0.181818181818182,0.818181818181818,0.2359,"chrX"
"451","MTM1",53,19,72,0.263888888888889,0.736111111111111,0.4709,"chrX"
"452","MTMR1",46,35,81,0.432098765432099,0.567901234567901,0.6807,"chrX"
"453","MTMR8",41,38,79,0.481012658227848,0.518987341772152,0.6505,"chrX"
"454","MXRA5",255,292,547,0.53382084095064,0.46617915904936,0.4127,"chrX"
"455","MYCLP1",0,3,3,1,0,1,"chrX"
"456","NAA10",10,8,18,0.444444444444444,0.555555555555556,1,"chrX"
"457","NAP1L2",47,59,106,0.556603773584906,0.443396226415094,0.5121,"chrX"
"458","NAP1L3",51,43,94,0.457446808510638,0.542553191489362,0.0794,"chrX"
"459","NCBP2L",13,10,23,0.434782608695652,0.565217391304348,0.1024,"chrX"
"460","NDP",5,2,7,0.285714285714286,0.714285714285714,1,"chrX"
"461","NDUFA1",4,2,6,0.333333333333333,0.666666666666667,1,"chrX"
"462","NDUFB11",11,2,13,0.153846153846154,0.846153846153846,0.6549,"chrX"
"463","NEXMIF",144,187,331,0.564954682779456,0.435045317220544,0.7127,"chrX"
"464","NHS",94,70,164,0.426829268292683,0.573170731707317,0.4008,"chrX"
"465","NHSL2",27,34,61,0.557377049180328,0.442622950819672,0.5849,"chrX"
"466","NKAP",26,20,46,0.434782608695652,0.565217391304348,1,"chrX"
"467","NKRF",29,13,42,0.30952380952381,0.69047619047619,0.6434,"chrX"
"468","NLGN3",66,22,88,0.25,0.75,0.597,"chrX"
"469","NLGN4X",127,97,224,0.433035714285714,0.566964285714286,0.1592,"chrX"
"470","NONO",42,25,67,0.373134328358209,0.626865671641791,0.2673,"chrX"
"471","NOX1",39,22,61,0.360655737704918,0.639344262295082,0.1398,"chrX"
"472","NR0B1",47,24,71,0.338028169014085,0.661971830985915,0.1078,"chrX"
"473","NRK",133,115,248,0.463709677419355,0.536290322580645,0.5177,"chrX"
"474","NSDHL",19,16,35,0.457142857142857,0.542857142857143,0.2651,"chrX"
"475","NUDT10",9,10,19,0.526315789473684,0.473684210526316,1,"chrX"
"476","NUDT11",14,9,23,0.391304347826087,0.608695652173913,1,"chrX"
"477","NUP62CL",9,5,14,0.357142857142857,0.642857142857143,0.6109,"chrX"
"478","NXF3",28,61,89,0.685393258426966,0.314606741573034,0.5038,"chrX"
"479","NXF5",55,58,113,0.513274336283186,0.486725663716814,0.7262,"chrX"
"480","NXT2",5,6,11,0.545454545454545,0.454545454545455,1,"chrX"
"481","NYX",22,10,32,0.3125,0.6875,1,"chrX"
"482","OCRL",54,30,84,0.357142857142857,0.642857142857143,0.1474,"chrX"
"483","OFD1",47,49,96,0.510416666666667,0.489583333333333,0.0378,"chrX"
"484","OGT",70,30,100,0.3,0.7,0.2983,"chrX"
"485","OPHN1",68,21,89,0.235955056179775,0.764044943820225,0.2311,"chrX"
"486","OPN1LW",20,17,37,0.459459459459459,0.540540540540541,0.0526,"chrX"
"487","OPN1MW",8,5,13,0.384615384615385,0.615384615384615,1,"chrX"
"488","OR13H1",17,30,47,0.638297872340426,0.361702127659574,0.2618,"chrX"
"489","OTC",25,29,54,0.537037037037037,0.462962962962963,0.3734,"chrX"
"490","OTUD5",12,15,27,0.555555555555556,0.444444444444444,1,"chrX"
"491","OTUD6A",28,28,56,0.5,0.5,0.952,"chrX"
"492","P2RY10",43,45,88,0.511363636363636,0.488636363636364,0.9904,"chrX"
"493","P2RY4",25,20,45,0.444444444444444,0.555555555555556,0.9523,"chrX"
"494","P2RY8",36,52,88,0.590909090909091,0.409090909090909,0.4784,"chrX"
"495","PABPC1L2A",1,0,1,0,1,0.8991,"chrX"
"496","PABPC5",48,52,100,0.52,0.48,0.8991,"chrX"
"497","PAGE1",15,6,21,0.285714285714286,0.714285714285714,1,"chrX"
"498","PAGE2",9,8,17,0.470588235294118,0.529411764705882,0.504,"chrX"
"499","PAGE2B",4,4,8,0.5,0.5,0.4907,"chrX"
"500","PAGE3",13,10,23,0.434782608695652,0.565217391304348,0.5364,"chrX"
"501","PAGE4",4,9,13,0.692307692307692,0.307692307692308,0.6686,"chrX"
"502","PAGE5",13,9,22,0.409090909090909,0.590909090909091,0.5726,"chrX"
"503","PAK3",31,60,91,0.659340659340659,0.340659340659341,0.7882,"chrX"
"504","PASD1",71,87,158,0.550632911392405,0.449367088607595,0.9342,"chrX"
"505","PBDC1",14,9,23,0.391304347826087,0.608695652173913,1,"chrX"
"506","PCDH11X",244,213,457,0.466083150984683,0.533916849015317,0.1334,"chrX"
"507","PCDH19",109,89,198,0.44949494949495,0.55050505050505,0.0855,"chrX"
"508","PCSK1N",2,0,2,0,1,1,"chrX"
"509","PCYT1B",26,24,50,0.48,0.52,0.9391,"chrX"
"510","PDHA1",24,12,36,0.333333333333333,0.666666666666667,0.4219,"chrX"
"511","PDK3",24,16,40,0.4,0.6,0.1862,"chrX"
"512","PDZD11",7,5,12,0.416666666666667,0.583333333333333,0.9195,"chrX"
"513","PDZD4",45,34,79,0.430379746835443,0.569620253164557,0.4018,"chrX"
"514","PFKFB1",54,19,73,0.26027397260274,0.73972602739726,0.3337,"chrX"
"515","PGAM4",18,7,25,0.28,0.72,0.7184,"chrX"
"516","PGK1",28,11,39,0.282051282051282,0.717948717948718,0.5512,"chrX"
"517","PGRMC1",20,7,27,0.259259259259259,0.740740740740741,1,"chrX"
"518","PHEX",62,48,110,0.436363636363636,0.563636363636364,0.4157,"chrX"
"519","PHF6",19,16,35,0.457142857142857,0.542857142857143,0.272,"chrX"
"520","PHF8",38,29,67,0.432835820895522,0.567164179104478,0.8412,"chrX"
"521","PHKA1",68,79,147,0.537414965986395,0.462585034013605,0.8337,"chrX"
"522","PHKA2",71,44,115,0.382608695652174,0.617391304347826,0.5113,"chrX"
"523","PIGA",15,10,25,0.4,0.6,0.3034,"chrX"
"524","PIM2",24,14,38,0.368421052631579,0.631578947368421,0.7957,"chrX"
"525","PIN4",8,6,14,0.428571428571429,0.571428571428571,1,"chrX"
"526","PIR",10,6,16,0.375,0.625,1,"chrX"
"527","PJA1",40,25,65,0.384615384615385,0.615384615384615,0.7475,"chrX"
"528","PLAC1",8,10,18,0.555555555555556,0.444444444444444,0.6982,"chrX"
"529","PLCXD1",8,21,29,0.724137931034483,0.275862068965517,0.9431,"chrX"
"530","PLP1",19,20,39,0.512820512820513,0.487179487179487,0.6112,"chrX"
"531","PLP2",17,6,23,0.260869565217391,0.739130434782609,0.7156,"chrX"
"532","PLS3",31,16,47,0.340425531914894,0.659574468085106,0.2489,"chrX"
"533","PLXNA3",105,62,167,0.37125748502994,0.62874251497006,0.0284,"chrX"
"534","PLXNB3",103,50,153,0.326797385620915,0.673202614379085,0.2142,"chrX"
"535","PNCK",25,13,38,0.342105263157895,0.657894736842105,0.7458,"chrX"
"536","PNMA3",33,24,57,0.421052631578947,0.578947368421053,0.0799,"chrX"
"537","PNMA5",39,27,66,0.409090909090909,0.590909090909091,0.4529,"chrX"
"538","PNMA6A",1,1,2,0.5,0.5,1,"chrX"
"539","PNPLA4",15,10,25,0.4,0.6,0.8603,"chrX"
"540","POF1B",41,71,112,0.633928571428571,0.366071428571429,0.8518,"chrX"
"541","POLA1",64,36,100,0.36,0.64,0.234,"chrX"
"542","PORCN",34,14,48,0.291666666666667,0.708333333333333,0.707,"chrX"
"543","POU3F4",45,30,75,0.4,0.6,0.0321,"chrX"
"544","PPEF1",45,31,76,0.407894736842105,0.592105263157895,0.4807,"chrX"
"545","PPP1R3F",35,17,52,0.326923076923077,0.673076923076923,0.2884,"chrX"
"546","PPP2R3B",26,19,45,0.422222222222222,0.577777777777778,1,"chrX"
"547","PQBP1",13,6,19,0.315789473684211,0.684210526315789,1,"chrX"
"548","PRAF2",4,0,4,0,1,1,"chrX"
"549","PRDX4",10,13,23,0.565217391304348,0.434782608695652,0.4006,"chrX"
"550","PRICKLE3",26,13,39,0.333333333333333,0.666666666666667,0.9281,"chrX"
"551","PRKX",21,11,32,0.34375,0.65625,0.731,"chrX"
"552","PRPS1",14,11,25,0.44,0.56,1,"chrX"
"553","PRPS2",19,14,33,0.424242424242424,0.575757575757576,1,"chrX"
"554","PRR32",1,1,2,0.5,0.5,1,"chrX"
"555","PRRG1",21,26,47,0.553191489361702,0.446808510638298,0.7003,"chrX"
"556","PRRG3",32,30,62,0.483870967741935,0.516129032258065,0.9874,"chrX"
"557","PSMD10",3,5,8,0.625,0.375,1,"chrX"
"558","PTCHD1",71,38,109,0.348623853211009,0.651376146788991,0.2553,"chrX"
"559","PUDP",4,14,18,0.777777777777778,0.222222222222222,0.7558,"chrX"
"560","PWWP3B",54,57,111,0.513513513513513,0.486486486486487,0.5754,"chrX"
"561","PYY3",7,6,13,0.461538461538462,0.538461538461538,1,"chrX"
"562","RAB33A",12,8,20,0.4,0.6,1,"chrX"
"563","RAB39B",21,7,28,0.25,0.75,0.6138,"chrX"
"564","RAB40A",19,6,25,0.24,0.76,0.5595,"chrX"
"565","RAB40AL",12,16,28,0.571428571428571,0.428571428571429,0.7008,"chrX"
"566","RAB41",17,6,23,0.260869565217391,0.739130434782609,0.8614,"chrX"
"567","RAB9A",8,1,9,0.111111111111111,0.888888888888889,1,"chrX"
"568","RAB9B",14,7,21,0.333333333333333,0.666666666666667,0.6328,"chrX"
"569","RADX",31,40,71,0.563380281690141,0.436619718309859,0.3884,"chrX"
"570","RAI2",43,28,71,0.394366197183099,0.605633802816901,0.3159,"chrX"
"571","RAP2C",14,4,18,0.222222222222222,0.777777777777778,1,"chrX"
"572","RBBP7",28,24,52,0.461538461538462,0.538461538461538,0.471,"chrX"
"573","RBM10",71,68,139,0.489208633093525,0.510791366906475,0.0577,"chrX"
"574","RBM3",5,6,11,0.545454545454545,0.454545454545455,1,"chrX"
"575","RBM41",14,10,24,0.416666666666667,0.583333333333333,1,"chrX"
"576","RBMX",23,16,39,0.41025641025641,0.58974358974359,0.3062,"chrX"
"577","RBMX2",12,18,30,0.6,0.4,1,"chrX"
"578","RBMXL3",1,3,4,0.75,0.25,1,"chrX"
"579","RENBP",19,18,37,0.486486486486487,0.513513513513513,0.514,"chrX"
"580","REPS2",37,24,61,0.39344262295082,0.60655737704918,0.3128,"chrX"
"581","RGN",10,5,15,0.333333333333333,0.666666666666667,1,"chrX"
"582","RHOXF1",18,12,30,0.4,0.6,1,"chrX"
"583","RHOXF2",10,8,18,0.444444444444444,0.555555555555556,1,"chrX"
"584","RHOXF2B",10,6,16,0.375,0.625,0.8927,"chrX"
"585","RIBC1",14,6,20,0.3,0.7,1,"chrX"
"586","RIPPLY1",3,3,6,0.5,0.5,1,"chrX"
"587","RLIM",42,20,62,0.32258064516129,0.67741935483871,0.672,"chrX"
"588","RNF113A",21,9,30,0.3,0.7,0.6842,"chrX"
"589","RNF128",54,28,82,0.341463414634146,0.658536585365854,0.2827,"chrX"
"590","RP2",21,7,28,0.25,0.75,0.2643,"chrX"
"591","RPA4",24,16,40,0.4,0.6,0.9445,"chrX"
"592","RPGR",38,26,64,0.40625,0.59375,0.7243,"chrX"
"593","RPL10",17,11,28,0.392857142857143,0.607142857142857,0.5281,"chrX"
"594","RPL36A",7,4,11,0.363636363636364,0.636363636363636,1,"chrX"
"595","RPL39",7,0,7,0,1,1,"chrX"
"596","RPS4X",10,6,16,0.375,0.625,1,"chrX"
"597","RPS6KA3",45,33,78,0.423076923076923,0.576923076923077,0.0438,"chrX"
"598","RPS6KA6",68,70,138,0.507246376811594,0.492753623188406,0.0687,"chrX"
"599","RRAGB",22,15,37,0.405405405405405,0.594594594594595,0.761,"chrX"
"600","RS1",16,12,28,0.428571428571429,0.571428571428571,0.5978,"chrX"
"601","RTL3",51,65,116,0.560344827586207,0.439655172413793,0.3801,"chrX"
"602","RTL4",32,40,72,0.555555555555556,0.444444444444444,0.7118,"chrX"
"603","RTL5",50,27,77,0.350649350649351,0.649350649350649,0.4993,"chrX"
"604","RTL8A",12,3,15,0.2,0.8,0.7921,"chrX"
"605","RTL8B",12,3,15,0.2,0.8,0.8001,"chrX"
"606","RTL8C",9,5,14,0.357142857142857,0.642857142857143,1,"chrX"
"607","RTL9",88,78,166,0.469879518072289,0.530120481927711,0.8132,"chrX"
"608","S100G",4,4,8,0.5,0.5,1,"chrX"
"609","SAGE1",92,108,200,0.54,0.46,0.7008,"chrX"
"610","SASH3",28,18,46,0.391304347826087,0.608695652173913,0.8164,"chrX"
"611","SAT1",11,11,22,0.5,0.5,1,"chrX"
"612","SATL1",40,27,67,0.402985074626866,0.597014925373134,0.9126,"chrX"
"613","SCML1",10,13,23,0.565217391304348,0.434782608695652,1,"chrX"
"614","SCML2",53,34,87,0.390804597701149,0.609195402298851,0.2852,"chrX"
"615","SEPTIN6",32,15,47,0.319148936170213,0.680851063829787,0.6715,"chrX"
"616","SERPINA7",35,54,89,0.606741573033708,0.393258426966292,0.7243,"chrX"
"617","SH2D1A",16,9,25,0.36,0.64,1,"chrX"
"618","SH3BGRL",6,5,11,0.454545454545455,0.545454545454545,1,"chrX"
"619","SH3KBP1",49,32,81,0.395061728395062,0.604938271604938,0.2923,"chrX"
"620","SHOX",20,48,68,0.705882352941177,0.294117647058824,0.6638,"chrX"
"621","SHROOM2",77,40,117,0.341880341880342,0.658119658119658,0.3233,"chrX"
"622","SHROOM4",90,60,150,0.4,0.6,0.1506,"chrX"
"623","SIAH1P1",2,3,5,0.6,0.4,1,"chrX"
"624","SLC10A3",23,15,38,0.394736842105263,0.605263157894737,1,"chrX"
"625","SLC16A2",19,15,34,0.441176470588235,0.558823529411765,1,"chrX"
"626","SLC25A14",27,12,39,0.307692307692308,0.692307692307692,0.6761,"chrX"
"627","SLC25A43",14,3,17,0.176470588235294,0.823529411764706,0.8118,"chrX"
"628","SLC25A5",9,14,23,0.608695652173913,0.391304347826087,0.6788,"chrX"
"629","SLC25A53",16,17,33,0.515151515151515,0.484848484848485,0.4716,"chrX"
"630","SLC25A6",6,20,26,0.769230769230769,0.230769230769231,0.7594,"chrX"
"631","SLC35A2",15,7,22,0.318181818181818,0.681818181818182,0.6662,"chrX"
"632","SLC38A5",19,14,33,0.424242424242424,0.575757575757576,0.1413,"chrX"
"633","SLC6A14",43,44,87,0.505747126436782,0.494252873563218,0.1308,"chrX"
"634","SLC6A8",22,8,30,0.266666666666667,0.733333333333333,0.9636,"chrX"
"635","SLC7A3",37,41,78,0.525641025641026,0.474358974358974,0.8765,"chrX"
"636","SLC9A6",41,17,58,0.293103448275862,0.706896551724138,0.5617,"chrX"
"637","SLC9A7",38,19,57,0.333333333333333,0.666666666666667,0.2942,"chrX"
"638","SLITRK2",120,114,234,0.487179487179487,0.512820512820513,0.213,"chrX"
"639","SLITRK4",99,103,202,0.50990099009901,0.49009900990099,0.1081,"chrX"
"640","SMARCA1",63,54,117,0.461538461538462,0.538461538461538,0.523,"chrX"
"641","SMC1A",48,49,97,0.505154639175258,0.494845360824742,0.8404,"chrX"
"642","SMIM10",0,1,1,1,0,1,"chrX"
"643","SMPX",4,7,11,0.636363636363636,0.363636363636364,1,"chrX"
"644","SMS",17,14,31,0.451612903225806,0.548387096774194,0.5603,"chrX"
"645","SNURFL",0,3,3,1,0,1,"chrX"
"646","SNX12",10,6,16,0.375,0.625,1,"chrX"
"647","SOWAHD",16,7,23,0.304347826086957,0.695652173913043,0.9507,"chrX"
"648","SOX3",29,11,40,0.275,0.725,0.5308,"chrX"
"649","SPACA5B",3,5,8,0.625,0.375,1,"chrX"
"650","SPANXB1",23,43,66,0.651515151515151,0.348484848484849,0.8793,"chrX"
"651","SPANXC",5,10,15,0.666666666666667,0.333333333333333,1,"chrX"
"652","SPANXD",17,24,41,0.585365853658537,0.414634146341463,0.8121,"chrX"
"653","SPANXN1",13,13,26,0.5,0.5,0.7375,"chrX"
"654","SPANXN2",29,36,65,0.553846153846154,0.446153846153846,0.3083,"chrX"
"655","SPANXN3",25,27,52,0.519230769230769,0.480769230769231,0.9539,"chrX"
"656","SPANXN4",1,6,7,0.857142857142857,0.142857142857143,0.7142,"chrX"
"657","SPANXN5",9,11,20,0.55,0.45,0.703,"chrX"
"658","SPIN2A",8,5,13,0.384615384615385,0.615384615384615,1,"chrX"
"659","SPIN2B",11,1,12,0.0833333333333333,0.916666666666667,0.9043,"chrX"
"660","SPIN3",16,12,28,0.428571428571429,0.571428571428571,0.5406,"chrX"
"661","SPIN4",12,3,15,0.2,0.8,1,"chrX"
"662","SPRY3",33,47,80,0.5875,0.4125,0.6105,"chrX"
"663","SRPK3",31,17,48,0.354166666666667,0.645833333333333,0.3885,"chrX"
"664","SRPX",26,21,47,0.446808510638298,0.553191489361702,0.7996,"chrX"
"665","SRPX2",31,25,56,0.446428571428571,0.553571428571429,0.7784,"chrX"
"666","SSR4",8,8,16,0.5,0.5,1,"chrX"
"667","SSX1",15,13,28,0.464285714285714,0.535714285714286,0.0297,"chrX"
"668","SSX2",3,5,8,0.625,0.375,1,"chrX"
"669","SSX3",15,17,32,0.53125,0.46875,1,"chrX"
"670","SSX4",1,3,4,0.75,0.25,1,"chrX"
"671","SSX4B",0,1,1,1,0,1,"chrX"
"672","SSX5",16,17,33,0.515151515151515,0.484848484848485,0.7622,"chrX"
"673","SSX6P",15,17,32,0.53125,0.46875,1,"chrX"
"674","SSX7",15,14,29,0.482758620689655,0.517241379310345,1,"chrX"
"675","SSX9P",13,15,28,0.535714285714286,0.464285714285714,1,"chrX"
"676","STAG2",97,104,201,0.517412935323383,0.482587064676617,0.79,"chrX"
"677","STARD8",56,42,98,0.428571428571429,0.571428571428571,0.289,"chrX"
"678","STK26",31,14,45,0.311111111111111,0.688888888888889,1,"chrX"
"679","STS",40,34,74,0.459459459459459,0.540540540540541,0.565,"chrX"
"680","SUMO2P21",0,1,1,1,0,1,"chrX"
"681","SUPT20HL1",48,31,79,0.392405063291139,0.607594936708861,0.0636,"chrX"
"682","SUPT20HL2",35,37,72,0.513888888888889,0.486111111111111,0.5938,"chrX"
"683","SUV39H1",19,10,29,0.344827586206897,0.655172413793103,0.6416,"chrX"
"684","SYAP1",8,8,16,0.5,0.5,0.9131,"chrX"
"685","SYN1",22,17,39,0.435897435897436,0.564102564102564,0.5974,"chrX"
"686","SYP",15,4,19,0.210526315789474,0.789473684210526,1,"chrX"
"687","SYTL4",48,27,75,0.36,0.64,0.3477,"chrX"
"688","SYTL5",40,49,89,0.550561797752809,0.449438202247191,0.1461,"chrX"
"689","TAB3",54,20,74,0.27027027027027,0.72972972972973,0.6442,"chrX"
"690","TAF1",103,79,182,0.434065934065934,0.565934065934066,0.5784,"chrX"
"691","TAF7L",35,36,71,0.507042253521127,0.492957746478873,0.1973,"chrX"
"692","TAF9B",18,9,27,0.333333333333333,0.666666666666667,0.4217,"chrX"
"693","TAZ",20,10,30,0.333333333333333,0.666666666666667,0.6527,"chrX"
"694","TBC1D25",47,21,68,0.308823529411765,0.691176470588235,0.4987,"chrX"
"695","TBC1D8B",71,48,119,0.403361344537815,0.596638655462185,0.7381,"chrX"
"696","TBL1X",40,19,59,0.322033898305085,0.677966101694915,0.2742,"chrX"
"697","TBX22",47,78,125,0.624,0.376,0.9557,"chrX"
"698","TCEAL1",13,2,15,0.133333333333333,0.866666666666667,0.8596,"chrX"
"699","TCEAL2",12,17,29,0.586206896551724,0.413793103448276,1,"chrX"
"700","TCEAL3",13,9,22,0.409090909090909,0.590909090909091,1,"chrX"
"701","TCEAL4",12,8,20,0.4,0.6,0.5702,"chrX"
"702","TCEAL5",20,19,39,0.487179487179487,0.512820512820513,0.7878,"chrX"
"703","TCEAL6",27,25,52,0.480769230769231,0.519230769230769,0.3345,"chrX"
"704","TCEAL7",6,2,8,0.25,0.75,1,"chrX"
"705","TCEAL8",3,4,7,0.571428571428571,0.428571428571429,1,"chrX"
"706","TCEAL9",7,5,12,0.416666666666667,0.583333333333333,0.8921,"chrX"
"707","TCEANC",13,12,25,0.48,0.52,0.9358,"chrX"
"708","TENM1",285,237,522,0.454022988505747,0.545977011494253,0.4193,"chrX"
"709","TENT5D",49,36,85,0.423529411764706,0.576470588235294,0.6694,"chrX"
"710","TEX11",61,42,103,0.407766990291262,0.592233009708738,0.342,"chrX"
"711","TEX13A",44,46,90,0.511111111111111,0.488888888888889,0.1338,"chrX"
"712","TEX13B",31,28,59,0.474576271186441,0.525423728813559,0.8064,"chrX"
"713","TFDP3",26,18,44,0.409090909090909,0.590909090909091,0.1694,"chrX"
"714","TFE3",42,29,71,0.408450704225352,0.591549295774648,0.4548,"chrX"
"715","TGIF2LX",41,58,99,0.585858585858586,0.414141414141414,0.1711,"chrX"
"716","THOC2",140,59,199,0.296482412060302,0.703517587939699,0.3663,"chrX"
"717","TIMM17B",16,2,18,0.111111111111111,0.888888888888889,1,"chrX"
"718","TIMM8A",6,4,10,0.4,0.6,1,"chrX"
"719","TIMP1",8,7,15,0.466666666666667,0.533333333333333,0.8344,"chrX"
"720","TKTL1",43,26,69,0.376811594202899,0.623188405797101,0.1872,"chrX"
"721","TLR7",60,64,124,0.516129032258065,0.483870967741935,0.1401,"chrX"
"722","TLR8",62,62,124,0.5,0.5,0.9776,"chrX"
"723","TMEM164",17,8,25,0.32,0.68,0.2383,"chrX"
"724","TMEM185A",29,19,48,0.395833333333333,0.604166666666667,0.1777,"chrX"
"725","TMEM187",13,8,21,0.380952380952381,0.619047619047619,0.5997,"chrX"
"726","TMEM255A",26,21,47,0.446808510638298,0.553191489361702,0.4878,"chrX"
"727","TMEM31",7,7,14,0.5,0.5,1,"chrX"
"728","TMEM35A",16,7,23,0.304347826086957,0.695652173913043,0.6696,"chrX"
"729","TMEM47",18,3,21,0.142857142857143,0.857142857142857,0.7216,"chrX"
"730","TMLHE",20,15,35,0.428571428571429,0.571428571428571,0.6013,"chrX"
"731","TMSB15A",4,4,8,0.5,0.5,1,"chrX"
"732","TMSB4X",12,1,13,0.0769230769230769,0.923076923076923,0.8158,"chrX"
"733","TNMD",16,16,32,0.5,0.5,1,"chrX"
"734","TRAPPC2",2,3,5,0.6,0.4,1,"chrX"
"735","TREX2",21,10,31,0.32258064516129,0.67741935483871,0.6673,"chrX"
"736","TRMT2B",24,23,47,0.48936170212766,0.51063829787234,0.7023,"chrX"
"737","TRO",70,65,135,0.481481481481481,0.518518518518518,0.5587,"chrX"
"738","TRPC5",85,103,188,0.547872340425532,0.452127659574468,0.5724,"chrX"
"739","TSC22D3",16,5,21,0.238095238095238,0.761904761904762,0.8902,"chrX"
"740","TSPAN6",13,3,16,0.1875,0.8125,0.6205,"chrX"
"741","TSPAN7",17,10,27,0.37037037037037,0.62962962962963,0.608,"chrX"
"742","TSPYL2",38,21,59,0.355932203389831,0.644067796610169,0.6351,"chrX"
"743","TSR2",13,2,15,0.133333333333333,0.866666666666667,1,"chrX"
"744","TUBB4AP1",2,0,2,0,1,1,"chrX"
"745","TXLNG",20,14,34,0.411764705882353,0.588235294117647,0.1425,"chrX"
"746","UBA1",26,28,54,0.518518518518518,0.481481481481481,0.7821,"chrX"
"747","UBE2A",21,7,28,0.25,0.75,0.74,"chrX"
"748","UBE2NL",32,30,62,0.483870967741935,0.516129032258065,0.2573,"chrX"
"749","UBL4A",6,6,12,0.5,0.5,1,"chrX"
"750","UBQLN2",43,26,69,0.376811594202899,0.623188405797101,0.8854,"chrX"
"751","UPF3B",43,15,58,0.258620689655172,0.741379310344828,0.1008,"chrX"
"752","UPRT",23,14,37,0.378378378378378,0.621621621621622,0.6086,"chrX"
"753","USP11",50,35,85,0.411764705882353,0.588235294117647,0.5935,"chrX"
"754","USP26",83,87,170,0.511764705882353,0.488235294117647,0.0667,"chrX"
"755","USP27X",0,1,1,1,0,1,"chrX"
"756","USP51",44,19,63,0.301587301587302,0.698412698412698,0.3206,"chrX"
"757","USP9X",136,124,260,0.476923076923077,0.523076923076923,0.2,"chrX"
"758","UTP14A",42,25,67,0.373134328358209,0.626865671641791,0.2998,"chrX"
"759","UXT",8,2,10,0.2,0.8,1,"chrX"
"760","VAMP7",7,21,28,0.75,0.25,0.7382,"chrX"
"761","VBP1",16,0,16,0,1,1,"chrX"
"762","VCX",14,19,33,0.575757575757576,0.424242424242424,0.4051,"chrX"
"763","VCX2",5,8,13,0.615384615384615,0.384615384615385,1,"chrX"
"764","VCX3A",14,19,33,0.575757575757576,0.424242424242424,0.6699,"chrX"
"765","VCX3B",11,8,19,0.421052631578947,0.578947368421053,0.5349,"chrX"
"766","VEGFD",16,20,36,0.555555555555556,0.444444444444444,0.8458,"chrX"
"767","VGLL1",22,24,46,0.521739130434783,0.478260869565217,0.749,"chrX"
"768","VMA21",7,1,8,0.125,0.875,1,"chrX"
"769","VSIG1",24,14,38,0.368421052631579,0.631578947368421,0.218,"chrX"
"770","VSIG4",34,15,49,0.306122448979592,0.693877551020408,0.2955,"chrX"
"771","WAS",30,18,48,0.375,0.625,1,"chrX"
"772","WASF4P",56,28,84,0.333333333333333,0.666666666666667,0.6328,"chrX"
"773","WDR13",33,17,50,0.34,0.66,0.2209,"chrX"
"774","WDR44",45,41,86,0.476744186046512,0.523255813953488,0.8083,"chrX"
"775","WDR45",30,17,47,0.361702127659574,0.638297872340426,0.7103,"chrX"
"776","WNK3",112,84,196,0.428571428571429,0.571428571428571,0.1035,"chrX"
"777","WWC3",84,58,142,0.408450704225352,0.591549295774648,0.2827,"chrX"
"778","XAGE1B",0,1,1,1,0,1,"chrX"
"779","XAGE2",14,13,27,0.481481481481481,0.518518518518518,0.4938,"chrX"
"780","XAGE3",8,9,17,0.529411764705882,0.470588235294118,0.4357,"chrX"
"781","XAGE5",14,9,23,0.391304347826087,0.608695652173913,0.5887,"chrX"
"782","XG",11,10,21,0.476190476190476,0.523809523809524,0.4977,"chrX"
"783","XIAP",30,15,45,0.333333333333333,0.666666666666667,0.378,"chrX"
"784","XIST",62,95,157,0.605095541401274,0.394904458598726,0.9184,"chrX"
"785","XK",27,21,48,0.4375,0.5625,0.417,"chrX"
"786","XKRX",24,23,47,0.48936170212766,0.51063829787234,0.9644,"chrX"
"787","XPNPEP2",39,33,72,0.458333333333333,0.541666666666667,0.0133,"chrX"
"788","YIPF6",19,0,19,0,1,1,"chrX"
"789","YY2",29,13,42,0.30952380952381,0.69047619047619,0.1859,"chrX"
"790","ZBED1",49,40,89,0.449438202247191,0.550561797752809,0.2258,"chrX"
"791","ZBTB33",55,25,80,0.3125,0.6875,0.2703,"chrX"
"792","ZC3H12B",57,29,86,0.337209302325581,0.662790697674419,0.1116,"chrX"
"793","ZC4H2",35,19,54,0.351851851851852,0.648148148148148,0.3326,"chrX"
"794","ZCCHC12",44,24,68,0.352941176470588,0.647058823529412,0.0986,"chrX"
"795","ZCCHC13",19,10,29,0.344827586206897,0.655172413793103,0.667,"chrX"
"796","ZDHHC15",25,24,49,0.489795918367347,0.510204081632653,0.5118,"chrX"
"797","ZDHHC9",22,13,35,0.371428571428571,0.628571428571429,0.347,"chrX"
"798","ZFP92",0,2,2,1,0,1,"chrX"
"799","ZFX",35,42,77,0.545454545454545,0.454545454545455,0.0775,"chrX"
"800","ZIC3",41,25,66,0.378787878787879,0.621212121212121,0.0643,"chrX"
"801","ZMAT1",49,41,90,0.455555555555556,0.544444444444444,0.5795,"chrX"
"802","ZMYM3",84,36,120,0.3,0.7,0.7517,"chrX"
"803","ZNF157",37,24,61,0.39344262295082,0.60655737704918,0.0627,"chrX"
"804","ZNF182",38,19,57,0.333333333333333,0.666666666666667,0.6229,"chrX"
"805","ZNF185",31,20,51,0.392156862745098,0.607843137254902,0.1938,"chrX"
"806","ZNF275",23,12,35,0.342857142857143,0.657142857142857,0.6748,"chrX"
"807","ZNF280C",31,19,50,0.38,0.62,0.2469,"chrX"
"808","ZNF41",39,25,64,0.390625,0.609375,0.1154,"chrX"
"809","ZNF449",37,16,53,0.30188679245283,0.69811320754717,0.2052,"chrX"
"810","ZNF630",28,24,52,0.461538461538462,0.538461538461538,0.5573,"chrX"
"811","ZNF674",21,11,32,0.34375,0.65625,0.8111,"chrX"
"812","ZNF711",77,63,140,0.45,0.55,0.6016,"chrX"
"813","ZNF75D",40,27,67,0.402985074626866,0.597014925373134,0.0866,"chrX"
"814","ZNF81",43,37,80,0.4625,0.5375,0.1559,"chrX"
"815","ZRSR2",11,9,20,0.45,0.55,1,"chrX"
"816","ZXDA",34,28,62,0.451612903225806,0.548387096774194,0.4565,"chrX"
"817","ZXDB",35,12,47,0.25531914893617,0.74468085106383,0.5354,"chrX"
